Period,Principal,Interest,Recoveries,Total,Balance,
0,0,0,0,0,28354374.317749992,
1,309835.7972660266,392819.1071587327,13871627.923292808,702654.9044247608,28044538.520483937,
2,314102.5648280346,388552.3395967235,13724640.810265338,702654.9044247608,27730435.955655944,
3,318428.8563695992,384226.0480551595,13579211.208116598,702654.9044247608,27412007.099286284,
4,322815.5127222248,379839.3917025343,13435322.613085862,702654.9044247608,27089191.586564153,
5,327263.38673765253,375391.5176871058,13292958.696290344,702654.9044247608,26761928.199826483,
6,331773.3434616533,370881.5609631059,13152103.301871909,702654.9044247608,26430154.8563648,
7,336346.2603103602,366308.6441143991,13012740.44516386,702654.9044247608,26093808.59605446,
8,340983.02724918624,361671.87717557215,12874854.310876852,702654.9044247608,25752825.568805285,
9,345684.54697435285,356970.35745040583,12738429.251304176,702654.9044247608,25407141.02183095,
10,350451.73509707185,352203.1693276884,12603449.784546012,702654.9044247608,25056689.28673383,
11,355285.5203304171,347369.38409434154,12469900.592752444,702654.9044247608,24701403.766403414,
12,360186.8446789446,342468.0597458133,12337766.520385146,702654.9044247608,24341216.9217245,
13,365156.6636310641,337498.2407936957,12207032.572497647,702654.9044247608,23976060.25809345,
14,370195.946354239,332458.95807051915,12077683.913033504,702654.9044247608,23605864.31173918,
15,375305.67589304433,327349.2285317149,11949705.863142598,702654.9044247608,23230558.635846153,
16,380486.84937010624,322168.05505465314,11823083.899515582,702654.9044247608,22850071.786476042,
17,385740.4781900084,316914.42623475066,11697803.652735477,702654.9044247608,22464331.308286004,
18,391067.5882461546,311587.316178605,11573850.905647261,702654.9044247608,22073263.720039856,
19,396469.2201306789,306185.6842940799,11451211.591744218,702654.9044247608,21676794.499909163,
20,401946.4293474296,300708.47507732967,11329871.793571634,702654.9044247608,21274848.070561778,
21,407500.2865280551,295154.6178967039,11209817.74114771,702654.9044247608,20867347.78403372,
22,413131.8776512716,289523.0267734873,11091035.810400464,702654.9044247608,20454215.90638246,
23,418842.30426533706,283812.6001594222,10973512.52162215,702654.9044247608,20035373.602117106,
24,424632.6837137818,278022.2207109778,10857234.537938956,702654.9044247608,19610740.9184033,
25,430504.1493644472,272150.7550603111,10742188.663797962,702654.9044247608,19180236.76903885,
26,436457.8508418881,266197.05358287133,10628361.84346948,702654.9044247608,18743778.918196995,
27,442494.95426316664,260159.9501615927,10515741.159565488,702654.9044247608,18301283.96393379,
28,448616.6424771174,254038.26194764132,10404313.831573691,702654.9044247608,17852667.321456682,
29,454824.1153071133,247830.78911764518,10294067.21440724,702654.9044247608,17397843.206149593,
30,461118.589797391,241536.31462736818,10184988.796969611,702654.9044247608,16936724.61635216,
31,467501.3004629847,235153.6039617745,10077066.200734911,702654.9044247608,16469223.315889213,
32,473973.4995433383,228681.40488142075,9970287.178343039,702654.9044247608,15995249.816345865,
33,480536.45725962444,222118.44716513396,9864639.612209983,702654.9044247608,15514713.359086242,
34,487191.4620758464,215463.44234891204,9760111.513152435,702654.9044247608,15027521.897010405,
35,493939.8209637656,208715.08346099276,9656691.019027472,702654.9044247608,14533582.076046579,
36,500782.85967172316,201872.04475303632,9554366.393386248,702654.9044247608,14032799.216374902,
37,507721.92299739877,194932.9814273602,9453126.024142198,702654.9044247608,13525077.293377489,
38,514758.3750645867,187896.52936017202,9352958.422253134,702654.9044247608,13010318.918312911,
39,521893.5996040183,180761.30482073978,9253852.22041764,702654.9044247608,12488425.318708884,
40,529129.0002383246,173525.90418643475,9155796.171784872,702654.9044247608,11959296.31847059,
41,536466.0007711638,166188.90365359542,9058779.148678383,702654.9044247608,11422830.317699429,
42,543906.0454806215,158748.85894413694,8962790.141333258,702654.9044247608,10878924.272218803,
43,551450.5994168982,151204.3050078603,8867818.256646723,702654.9044247608,10327473.6728019,
44,559101.148704379,143553.75572037982,8773852.716941886,702654.9044247608,9768372.524097482,
45,566859.2008481427,135795.7035766163,8680882.858744765,702654.9044247608,9201513.323249368,
46,574726.2850449727,127928.61937978424,8588898.131574148,702654.9044247608,8626787.038204396,
47,582703.9524989495,119950.9519258091,8497888.096744193,702654.9044247608,8044083.085705434,
48,590793.7767416546,111861.12768310367,8407842.426179918,702654.9044247608,7453289.308963767,
49,598997.35395712,103657.5504676393,8318750.90124513,702654.9044247608,6854291.955006668,
50,607316.3033115243,95338.60111323424,8230603.411582767,702654.9044247608,6246975.65169513,
51,566160.4670518419,86902.63713700122,7632758.535397478,653063.1041888446,5680815.184643297,
52,557427.7223764372,79034.02357678136,7381566.976019406,636461.7459532205,5123387.4622668605,
53,541744.7622416584,71284.90269538622,7054533.021699323,613029.6649370457,4581642.7000252055,
54,522994.81255254353,63749.62072221552,6705418.803973041,586744.43327476,4058647.887472651,
55,496159.43421375204,56466.693296626894,6283003.558314598,552626.12751038,3562488.4532589056,
56,471408.7100378569,49562.429006324805,5884131.510563302,520971.139044181,3091079.7432210445,
57,444633.87105955696,42998.815193883966,5474211.807410213,487632.68625344115,2646445.872161492,
58,405383.41750171926,36809.90892925902,4942839.0412280755,442193.3264309787,2241062.454659771,
59,367848.93576640286,31172.981253078357,4441331.4765090905,399021.9170194808,1873213.518893364,
60,334917.12986203935,26065.579569386355,3997146.399562588,360982.7094314257,1538296.3890313294,
61,289788.1676607569,21407.19691878024,3434999.8473908016,311195.3645795369,1248508.2213705727,
62,245471.69844104885,17378.529399830775,2889639.2972666975,262850.22784087947,1003036.5229295228,
63,207367.54288422756,13964.064467965178,2423867.341500285,221331.60735219248,795668.980045297,
64,182193.2314904563,11085.68141004001,2104056.511125961,193278.9129004964,613475.7485548393,
65,147422.97352490269,8551.480163925937,1692474.6035059604,155974.45368882868,466052.7750299361,
66,126179.2836011081,6500.248380971043,1432031.8358305753,132679.53198207918,339873.49142882816,
67,104595.47202394111,4747.80824495653,1174078.623182701,109343.28026889764,235278.019404887,
68,85019.41599198902,3292.104714917286,942394.6209080839,88311.52070690638,150258.6034128981,
69,62367.671996958714,2099.1463852615884,683350.1593932009,64466.8183822203,87890.93141593938,
70,52555.88084662288,1228.0413539740528,564206.1960397055,53783.92220059696,35335.05056931646,
71,35335.05056931646,491.7219660490253,375971.34679561725,35826.77253536551,0,
